{"cameraMode":{"drawMode":0,"name":"Shaded","section":"Shading Mode"},"sceneLighting":true,"audioPlay":false,"sceneViewState":{"m_AlwaysRefresh":false,"showFog":true,"showSkybox":true,"showFlares":true,"showImageEffects":true,"showParticleSystems":true,"showVisualEffectGraphs":true,"m_FxEnabled":true},"in2DMode":false,"pivot":{"x":4.080623626708984,"y":-1.8002071380615235,"z":-1.5633172988891602},"rotation":{"x":-0.06312326341867447,"y":0.9351295828819275,"z":-0.27428486943244936,"w":-0.21520929038524629},"size":8.018470764160157,"orthographic":false}